mode,graph,graph_nr,layers,nodes,edges,source_nodes,sink_nodes,diameter,density,eccentricity_mean,eccentricity_var,eccentricity_std,degree_mean,degree_var,degree_std,closeness_mean,closeness_var,closeness_std,nodes_betweenness_mean,nodes_betweenness_var,nodes_betweenness_std,edge_betweenness_mean,edge_betweenness_var,edge_betweenness_std,test_acc,test_loss,time
LSTM,barabasi_albert,0,9,28,52,2,2,4,0.06878306878306878,3.642857142857143,0.2380952380952381,0.4879500364742666,0.13756613756613756,0.005777284240933074,0.07600844848392233,0.4189494241281952,0.003607183491256066,0.06005983259430604,0.05504680504680505,0.004496927165253099,0.06705913185579648,0.04675417175417175,0.00021222993337033285,0.014568113583107898,0.88896,12.076713517308235,1952.308389030397
LSTM,barabasi_albert,1,15,44,160,4,2,3,0.08456659619450317,2.9318181818181817,0.06501057082452431,0.2549717059293527,0.16913319238900634,0.008712783437021554,0.09334229179220721,0.49548285727682995,0.0029315492322771926,0.054143782951297306,0.024765931742675926,0.0012836032172533916,0.035827408743214904,0.01275105708245243,2.3455412782503503e-05,0.004843078853632625,0.82784,25.251789212226868,7525.3985934183
LSTM,barabasi_albert,2,13,43,156,4,1,4,0.08637873754152824,3.0232558139534884,0.07087486157253599,0.26622333025588873,0.17275747508305647,0.008478917591399793,0.09208103817507594,0.49665901303767845,0.003170780885992969,0.056309687319261226,0.025308591956351458,0.000948829444574145,0.030803075245406018,0.013061873526989804,1.3943886722399515e-05,0.0037341514059287305,0.98432,3.2851700615137815,5583.466643158346
LSTM,barabasi_albert,3,3,13,12,1,5,4,0.07692307692307693,3.3076923076923075,0.3974358974358974,0.6304251719561152,0.15384615384615383,0.02065527065527065,0.143719416417096,0.4290353403475575,0.010703722644357132,0.10345879684375385,0.13053613053613053,0.06732240823149914,0.259465620519365,0.202991452991453,0.008542027772797,0.09242309112336052,0.87904,13.720590934157372,300.69555727764964
LSTM,barabasi_albert,4,4,12,11,1,2,4,0.08333333333333333,3.3333333333333335,0.42424242424242425,0.6513389472789296,0.16666666666666666,0.020786376158276984,0.1441748111088653,0.4308713549522373,0.01065016246145846,0.10319962432808784,0.14242424242424243,0.07217630853994489,0.2686564879915333,0.22038567493112948,0.010668670172802404,0.10328925487582144,0.88368,12.95823410153389,391.34670490026474
LSTM,barabasi_albert,5,14,43,156,4,1,3,0.08637873754152824,2.953488372093023,0.04540420819490587,0.21308263231644636,0.17275747508305647,0.008964826240573747,0.09468276633355062,0.49883798185739364,0.0031474757257839584,0.05610236827250663,0.02506549982443346,0.0011794845703853364,0.03434362488709275,0.012997983928216484,1.7502321312314713e-05,0.004183577573359279,0.93456,9.135621726512909,6515.116741556674
LSTM,barabasi_albert,6,11,36,99,3,1,4,0.07857142857142857,3.0833333333333335,0.07857142857142857,0.280305955290694,0.15714285714285714,0.008839650145772595,0.0940194136642672,0.47141406355395216,0.003668053543859574,0.06056445776079873,0.033893557422969185,0.002274272194460657,0.04768932998544493,0.021741221741221742,5.569955010657784e-05,0.007463213122146375,0.9584,6.260964579880238,3876.9779457375407
LSTM,barabasi_albert,7,9,30,81,3,1,4,0.09310344827586207,3.033333333333333,0.17126436781609194,0.41384099339733366,0.18620689655172415,0.012349829841321906,0.11112978827174065,0.49389529709148833,0.004164626195002804,0.06453391507573986,0.037684729064039406,0.0028927068772404804,0.05378389049929803,0.025372498935717323,6.13634829298587e-05,0.007833484724556415,0.99408,1.8175389720126987,3055.8391871489584
LSTM,barabasi_albert,8,10,39,108,3,3,4,0.0728744939271255,3.2051282051282053,0.16734143049932523,0.4090738692453054,0.145748987854251,0.007502775690558166,0.08661856435290397,0.4635898622759507,0.0031118898097158383,0.055784315086911646,0.032023926760768866,0.0023659802272751503,0.04864134277829047,0.020230419353226368,5.833573897581871e-05,0.007637783642904446,0.99056,2.4188946736976504,3885.6949797198176
LSTM,barabasi_albert,9,14,43,156,4,3,3,0.08637873754152824,2.953488372093023,0.04540420819490587,0.21308263231644636,0.17275747508305647,0.007372125668281339,0.085861083549425,0.4962023317985641,0.00278235161361025,0.0527480010389991,0.025281581719471678,0.0007405140072756603,0.027212387019070198,0.013054774682681658,1.0498028342213245e-05,0.00324006610151911,0.99392,1.4021601043641567,7133.868046361953
LSTM,barabasi_albert,10,14,48,176,4,2,3,0.07801418439716312,2.9375,0.0598404255319149,0.24462302739504083,0.15602836879432624,0.00798153267259342,0.08933942395490034,0.4914293827751833,0.002868399657791115,0.053557442599428844,0.02297255627505396,0.0011294412964885057,0.03360716138695004,0.011686009026434558,1.6515330887688407e-05,0.004063905865997441,0.95408,6.6687706634402275,6211.559984114021
LSTM,barabasi_albert,11,7,26,48,2,1,4,0.07384615384615385,3.4615384615384617,0.25846153846153846,0.508391127441794,0.1476923076923077,0.00957046153846154,0.09782873575009308,0.4459167388516548,0.004147315567224852,0.06439965502411368,0.053589743589743596,0.0063111612535612545,0.07944281750769704,0.04762820512820513,0.00030914057101291155,0.01758239377937235,0.88976,13.533863514661789,1455.441391311586
LSTM,barabasi_albert,12,15,48,176,4,1,3,0.07801418439716312,2.8958333333333335,0.09530141843971632,0.3087092781885836,0.15602836879432624,0.011911297753548506,0.1091388920300573,0.4998266473551625,0.003884451113227647,0.06232536492655014,0.022355843354918286,0.0019343489657772806,0.0439812342457244,0.01152482269503546,2.6779485215085405e-05,0.005174889874681915,0.99808,0.4805740681476891,7255.193636365235
LSTM,barabasi_albert,13,9,35,96,3,1,4,0.08067226890756303,2.9714285714285715,0.146218487394958,0.38238526043109716,0.16134453781512603,0.012180512343345641,0.1103653584388944,0.4777450411765302,0.004464417280187944,0.0668162950199122,0.03417366946778711,0.0037766033179404994,0.061454074868478,0.02216386554621849,9.531142644175156e-05,0.009762757112709072,0.95872,6.641212679445744,3072.691101782024
LSTM,barabasi_albert,14,11,38,105,3,1,4,0.07467994310099574,3,0.10810810810810811,0.3287979746107146,0.14935988620199148,0.008834100333850441,0.09398989484966158,0.4705052221130662,0.00344809419432882,0.05872047508602787,0.03208471629524261,0.0021369982916951496,0.04622767884823063,0.02052428368217842,4.33153829396682e-05,0.006581442314543841,0.92496,9.195731669664383,3782.761496566236
LSTM,barabasi_albert,15,9,36,99,3,1,4,0.07857142857142857,3.0833333333333335,0.1357142857142857,0.3683941988065036,0.15714285714285714,0.009072886297376091,0.09525169970859361,0.46829594811943187,0.0037174742678486405,0.06097109370717111,0.03431372549019608,0.0023230075789856326,0.04819758893332355,0.021885521885521883,5.527062061874923e-05,0.00743442133718215,0.89904,12.379047453403473,2755.866699244827
LSTM,barabasi_albert,16,7,21,38,2,1,4,0.09047619047619047,3.0952380952380953,0.2904761904761905,0.5389584311207967,0.18095238095238098,0.01761904761904762,0.13273676061682244,0.4744011855934936,0.0072816111286658864,0.08533235686810653,0.06115288220551378,0.015580883568570545,0.12482340953751642,0.056892230576441105,0.0008584911531653388,0.02930001967858279,0.89504,13.23344661295414,1360.9312013499439
LSTM,barabasi_albert,17,9,35,96,3,1,4,0.08067226890756303,3,0.11764705882352941,0.3429971702850177,0.16134453781512606,0.013707074525311858,0.11707721608114817,0.48422924553530916,0.004941264090969045,0.07029412557937573,0.03340972752737458,0.004171749171090095,0.06458907934852529,0.021901260504201683,9.952755007822769e-05,0.009976349536690647,0.88816,13.050277262926102,2556.7771199010313
LSTM,barabasi_albert,18,3,10,9,1,2,4,0.1,3.1,0.32222222222222224,0.5676462121975467,0.19999999999999998,0.043347050754458154,0.20819954551933623,0.4965426400225162,0.016168093747299255,0.12715381923992394,0.1388888888888889,0.0886488340192044,0.2977395405706209,0.23456790123456792,0.0047050754458161865,0.06859355250908197,0.90784,12.006132632493973,299.18770717829466
LSTM,barabasi_albert,19,13,41,148,4,1,3,0.09024390243902439,2.902439024390244,0.09024390243902439,0.30040622902833486,0.1804878048780488,0.009828506097560977,0.09913882235310735,0.5041165797570649,0.0033242948899163205,0.05765669856934509,0.02582864290181363,0.001052225870988943,0.032438031244034264,0.013562953197099537,1.627711441569044e-05,0.0040344906017600836,0.98784,2.480696255341172,5880.31342985481
LSTM,barabasi_albert,20,7,25,46,2,1,4,0.07666666666666666,3.32,0.22666666666666666,0.4760952285695233,0.15333333333333332,0.010520833333333333,0.10257111354242643,0.4502775110688924,0.004783799156044609,0.06916501395969359,0.05507246376811594,0.007901776532853743,0.08889193738947163,0.04927536231884058,0.0003656067155722551,0.01912084505382163,0.9376,8.906836874783039,1753.8740862943232
LSTM,barabasi_albert,21,9,36,99,3,1,3,0.07857142857142857,2.9444444444444446,0.05396825396825397,0.2323106841457232,0.15714285714285714,0.009166180758017492,0.09574017316684513,0.4753552095042854,0.0038697749012007185,0.062207514829003725,0.03338001867413632,0.0026426756734185637,0.051406961332280315,0.02156485489818823,7.282577247727626e-05,0.00853380175990023,0.95392,7.171908613294363,2943.4015721865
LSTM,barabasi_albert,22,9,20,36,2,1,4,0.09473684210526316,3.05,0.15526315789473683,0.39403446282620613,0.1894736842105263,0.023735238372940667,0.1540624495876288,0.5076676408164563,0.007855810216087531,0.08863300861466641,0.05643274853801169,0.02337538355881381,0.15289010288051288,0.055994152046783624,0.0012032559468847558,0.03468797986168632,0.91936,10.093486599624157,1950.2160561196506
LSTM,barabasi_albert,23,14,37,102,3,1,4,0.07657657657657657,3.054054054054054,0.10810810810810811,0.3287979746107146,0.15315315315315314,0.0085571682793905,0.09250496353920962,0.47258170873589667,0.0034357432675509443,0.05861521361857299,0.032689832689832686,0.002927050185736847,0.05410221978566912,0.02102102102102102,6.877216846006161e-05,0.00829289867658237,0.93488,9.21579384803772,4902.511594165117
LSTM,barabasi_albert,24,15,49,180,4,2,4,0.07653061224489796,3,0.08333333333333333,0.28867513459481287,0.15306122448979592,0.00594167788643235,0.07708227997686855,0.4818467009650568,0.0027089120610191736,0.05204720992540497,0.02335721522651614,0.0007389579977575476,0.027183781888426555,0.011654383975812546,1.1429318512091642e-05,0.003380727512251119,0.93584,8.319008253514767,7483.620677482337
LSTM,barabasi_albert,25,10,31,84,3,1,4,0.09032258064516129,3,0.13333333333333333,0.3651483716701107,0.18064516129032257,0.015538829151732375,0.12465484006540771,0.4961142123807502,0.004897153776798252,0.06997966688116093,0.03618835743418613,0.004629375166257563,0.06803951180202253,0.024398361495135686,0.00012272115039631932,0.011077957862183775,0.94448,7.980264738202095,3364.3529602773488
LSTM,barabasi_albert,26,6,25,46,2,3,4,0.07666666666666666,3.16,0.22333333333333333,0.47258156262526085,0.15333333333333332,0.01833333333333333,0.135400640077266,0.4764691053804103,0.005856346431852733,0.07652676938073849,0.049710144927536226,0.011831861361260323,0.10877435985222034,0.04659420289855073,0.00046345505965313306,0.021528006402199276,0.95536,7.626830641180277,1367.9353130832314
LSTM,barabasi_albert,27,6,25,46,2,2,4,0.07666666666666666,3.12,0.27666666666666667,0.5259911279353167,0.15333333333333332,0.013414351851851851,0.11582034299660769,0.45915091585717777,0.0057209077641856435,0.07563668266248622,0.05333333333333333,0.009146496211016203,0.09563731599650946,0.04840579710144928,0.00028438516729289683,0.01686372341130205,0.95152,7.263656064867973,1361.3160680532455
LSTM,barabasi_albert,28,4,10,9,1,2,5,0.1,4.1,0.5444444444444444,0.7378647873726218,0.19999999999999998,0.015912208504801097,0.12614360271056593,0.4093998266022287,0.009337563181008054,0.09663106736970287,0.19444444444444445,0.07956104252400549,0.28206567058755216,0.2839506172839506,0.017873799725651576,0.1336929307242966,0.86128,14.891832709312439,393.21996961534023
LSTM,barabasi_albert,29,9,33,90,3,1,4,0.08522727272727272,3.0303030303030303,0.1553030303030303,0.39408505465575616,0.17045454545454544,0.008367365056818182,0.0914733024265451,0.47819842565920806,0.003739775624861096,0.06115370491524692,0.03616813294232649,0.002137147040583912,0.04622928769280262,0.02356902356902357,6.587388734917246e-05,0.008116272996220154,0.996,1.2384813083335757,2870.4284031689167
LSTM,barabasi_albert,30,8,23,42,2,1,4,0.08300395256916997,3.608695652173913,0.2490118577075099,0.4990108793478454,0.16600790513833993,0.0074396498219710585,0.0862534046978498,0.43854263810633864,0.0040198909779618364,0.06340261018256138,0.06305288913984565,0.005079521098280999,0.07127075906906702,0.05533596837944663,0.0002605161256159158,0.01614051193785116,0.8656,15.584972754120827,1753.357123941183
LSTM,barabasi_albert,31,4,18,17,1,4,5,0.05555555555555555,4.166666666666667,0.3823529411764706,0.6183469424008423,0.1111111111111111,0.01908768120858494,0.1381581745992069,0.4113092311630323,0.009478827695170831,0.09735927123377018,0.09681372549019608,0.05054351974353755,0.22481885984840674,0.14994232987312572,0.0043865104673164925,0.06623073657537332,0.9488,7.857347145676613,396.6569472178817
LSTM,barabasi_albert,32,6,15,14,1,3,7,0.06666666666666667,5.866666666666666,1.1238095238095238,1.0600988273786194,0.13333333333333333,0.0071914480077745375,0.08480240567209481,0.29788046978597665,0.003789293536120066,0.06155723788572767,0.19120879120879122,0.0649300464057136,0.2548137484628991,0.24897959183673474,0.02776706286910369,0.16663451884019617,0.86336,16.90475744009018,586.2566455826163
LSTM,barabasi_albert,33,4,18,17,1,6,6,0.05555555555555555,4.944444444444445,0.8790849673202614,0.9375953110592338,0.1111111111111111,0.006468100504330914,0.08042450189047436,0.3249679021898199,0.005551287695624635,0.07450696407467315,0.1388888888888889,0.04979066309338038,0.22313821522406327,0.18954248366013074,0.014449570677944381,0.12020636704411453,0.80016,20.07191914319992,395.0280588567257
LSTM,barabasi_albert,34,11,46,168,4,2,4,0.08115942028985507,3.0217391304347827,0.06618357487922705,0.2572616856028644,0.16231884057971016,0.010224846424524365,0.10111798269607818,0.4891636253835197,0.003717343434072096,0.060970020781299525,0.024396135265700482,0.0013042753083507424,0.036114751949179194,0.012341844950540602,2.0235144521786738e-05,0.0044983490884753195,0.97808,3.405974231660366,4299.4753476940095
LSTM,barabasi_albert,35,10,26,48,2,1,5,0.07384615384615385,3.8846153846153846,0.34615384615384615,0.5883484054145521,0.1476923076923077,0.007522461538461539,0.08673212518128182,0.4233539187251202,0.004428571024484435,0.0665475095287903,0.05897435897435897,0.0061308290920014715,0.07829961105906895,0.05032051282051282,0.00036815240447599584,0.01918729799831117,0.90432,12.074497655034065,2553.106618452817
LSTM,barabasi_albert,36,11,42,152,4,1,3,0.08826945412311266,2.9047619047619047,0.08826945412311266,0.2971017571861746,0.17653890824622534,0.01067336584813116,0.10331198308101128,0.5046913225004412,0.0032964230342619315,0.05741448453362558,0.025116144018583045,0.001286451738695809,0.03586714009641428,0.013188458952258694,1.8333670432598762e-05,0.004281783557420758,0.964,4.01090401597321,4283.855602946132
LSTM,barabasi_albert,37,8,30,81,3,2,3,0.09310344827586207,2.8666666666666667,0.11954022988505747,0.3457459036417604,0.18620689655172415,0.011201771290335807,0.1058384206719649,0.49540402286997354,0.003971991297065682,0.06302373598149892,0.037356321839080456,0.003287664706385611,0.05733816099584648,0.025258975450546332,8.545624436655988e-05,0.00924425466798486,0.95696,6.860950348898768,2153.303563732654
LSTM,barabasi_albert,38,11,36,99,3,1,4,0.07857142857142857,3.2777777777777777,0.20634920634920634,0.45425676257949793,0.15714285714285714,0.0079533527696793,0.08918157191751724,0.46939608441017183,0.0029680587927997265,0.05447989347272741,0.034033613445378155,0.0020274669577102123,0.04502740229804749,0.02178932178932179,4.4980775133925483e-05,0.006706770842508747,0.98176,3.614109613932669,3888.001342307776
LSTM,barabasi_albert,39,15,33,90,3,1,4,0.08522727272727272,3.1515151515151514,0.13257575757575757,0.36410954062720957,0.17045454545454544,0.007940118963068182,0.08910734516900491,0.47448209319454077,0.0033835860847243483,0.05816860050512087,0.03665689149560117,0.0020308529370357486,0.045064985709925044,0.023737373737373738,6.589652165588282e-05,0.00811766725456783,0.9312,8.44490471482277,5427.762791477144
LSTM,barabasi_albert,40,7,21,38,2,2,4,0.09047619047619047,3.0952380952380953,0.19047619047619047,0.4364357804719847,0.18095238095238098,0.01461904761904762,0.12090925365350504,0.46949471318999436,0.005611587409250193,0.0749105293617005,0.0619047619047619,0.008789589858103904,0.09375281253436563,0.05726817042606517,0.0003940066537964345,0.01984960084728241,0.95392,6.672844901680946,1936.8759057633579
LSTM,barabasi_albert,41,6,20,36,2,2,4,0.09473684210526316,3.5,0.2631578947368421,0.512989176042577,0.1894736842105263,0.010905379792972736,0.10442882644640193,0.45980096804852527,0.004412134252708616,0.06642389820470201,0.0675438596491228,0.007095444536652762,0.08423446169266331,0.06154970760233918,0.0003960740694711987,0.019901609720602974,0.9016,11.308123551309109,1265.5938198752701
LSTM,barabasi_albert,42,4,10,9,1,1,5,0.1,4,0.4444444444444444,0.6666666666666666,0.19999999999999998,0.021399176954732514,0.14628457524541852,0.42881493506493507,0.01074576498988025,0.10366178172248561,0.18055555555555555,0.08114711934156377,0.2848633344984289,0.2716049382716049,0.014170096021947874,0.11903821244435701,0.9248,10.886290192604065,393.5450507327914
LSTM,barabasi_albert,43,13,50,225,5,2,4,0.09183673469387756,2.9,0.17346938775510204,0.41649656391752143,0.18367346938775508,0.010250830861290788,0.10124638690487077,0.511267075766216,0.003503308356012474,0.05918875193829039,0.02042517006802721,0.0008446809674053775,0.029063395661989972,0.008801814058956916,1.2721948632437064e-05,0.0035667840742659297,0.976,3.621888419613242,6959.048905361444
LSTM,barabasi_albert,44,9,30,81,3,1,4,0.09310344827586207,2.966666666666667,0.17126436781609194,0.41384099339733366,0.18620689655172415,0.011775800565828857,0.10851636082097878,0.49204181801812935,0.004561015086165145,0.06753528771068608,0.03809523809523809,0.0026759134310454964,0.051729231881456506,0.02551440329218107,7.061107304725683e-05,0.008403039512417922,0.97136,5.153403926640749,2550.8028881177306
LSTM,barabasi_albert,45,5,15,14,1,2,5,0.06666666666666667,4.133333333333334,0.4095238095238095,0.6399404734221844,0.13333333333333333,0.013022351797861998,0.11411551953114002,0.3849716230953304,0.007477732211975332,0.0864738816751933,0.13113553113553114,0.06081851168193399,0.24661409465384168,0.19319727891156466,0.013834691385711795,0.11762096490724686,0.87968,16.090874314308167,491.2153307981789
LSTM,barabasi_albert,46,15,49,180,4,1,3,0.07653061224489796,2.9591836734693877,0.039965986394557826,0.19991494790174602,0.15306122448979592,0.0077320424697656836,0.08793203324025713,0.4860778767679117,0.0027957720760314266,0.05287506100262605,0.022959183673469385,0.000901797146736619,0.030029937508037192,0.011550453514739227,1.1568511913377165e-05,0.003401251521628056,0.99936,0.42476179683580995,7288.7384370192885
LSTM,barabasi_albert,47,12,44,160,4,1,4,0.08456659619450317,3,0.09302325581395349,0.30499714066520933,0.16913319238900634,0.008033597956497827,0.08963034060237542,0.4912220177930416,0.0033141254101498514,0.05756844109535928,0.02526930433907178,0.0011841036038643018,0.03441080649831244,0.012883192389006343,1.8117447929003435e-05,0.004256459553314636,0.9768,3.4514897502958775,5095.03529066965
LSTM,barabasi_albert,48,9,34,93,3,1,4,0.08288770053475936,3.0294117647058822,0.09001782531194295,0.3000297073823573,0.1657754010695187,0.011644560988265412,0.10790996704783767,0.4844054870639498,0.004286926734567972,0.06547462664703001,0.03425802139037434,0.004425736669542898,0.06652621039517356,0.022540394456902993,0.00010709662608784336,0.010348749977066958,0.94672,7.328056141734123,2676.3561155088246
LSTM,barabasi_albert,49,7,28,52,2,3,4,0.06878306878306878,3.5,0.25925925925925924,0.5091750772173156,0.13756613756613756,0.012483579013071467,0.11172993785495214,0.44258335851994246,0.0050468425108761705,0.07104113252810776,0.050366300366300375,0.009195955786005542,0.09589554622611804,0.04441391941391941,0.00037724365873515413,0.01942276135710765,0.9472,5.89712518453598,1751.7471145056188
LSTM,barabasi_albert,50,7,26,48,2,4,4,0.07384615384615385,3.4615384615384617,0.3384615384615385,0.5817744738827396,0.1476923076923077,0.010466461538461539,0.10230572583419531,0.43591436892922597,0.004999086264044345,0.07070421673453674,0.05602564102564103,0.010074276917650254,0.10037069750505002,0.048846153846153845,0.0005555326343051383,0.0235697398013881,0.97888,3.7324493266642094,1671.5010545626283
LSTM,barabasi_albert,51,5,16,15,1,5,6,0.0625,4.75,1.0,1.0,0.125,0.013555555555555555,0.1164283279771532,0.3567572606943495,0.0059274629029877415,0.07699001820358105,0.13690476190476192,0.06112018140589569,0.24722496113033507,0.19444444444444445,0.01789351851851852,0.13376665697593895,0.88064,13.544018939137459,490.7100830040872
LSTM,barabasi_albert,52,4,17,16,1,2,5,0.058823529411764705,4.176470588235294,0.40441176470588236,0.6359337738364604,0.11764705882352941,0.012149586397058824,0.1102251622682354,0.3782128866260046,0.007707452934477637,0.08779210063825581,0.11764705882352941,0.05255974264705882,0.22925911682430172,0.17279411764705882,0.009299307958477509,0.09643291947502942,0.896,12.773427173495293,394.74385987594724
LSTM,barabasi_albert,53,11,43,156,4,4,3,0.08637873754152824,2.953488372093023,0.04540420819490587,0.21308263231644636,0.17275747508305647,0.012366186784791434,0.11120335779458926,0.5090342212205942,0.0036232580071946553,0.06019350469273786,0.024093131296761473,0.002512579629425164,0.05012563844406537,0.012742425533123207,3.762809232001882e-05,0.006134174135123556,0.99296,1.441882568411529,5204.16476168111
LSTM,barabasi_albert,54,7,22,40,2,2,5,0.08658008658008658,3.909090909090909,0.3722943722943723,0.6101593007521661,0.17316017316017315,0.010267887818908226,0.10133058678853205,0.4382243608166255,0.004979564803296187,0.07056603151160044,0.06688311688311689,0.00825953749427328,0.09088199763579848,0.05844155844155844,0.0005830991189271105,0.02414744539132681,0.9144,10.479056641459465,1562.1909891292453
LSTM,barabasi_albert,55,10,35,96,3,1,4,0.08067226890756303,3.085714285714286,0.13949579831932774,0.3734913631120909,0.16134453781512603,0.008465877700561193,0.09201020432843952,0.4726059424302382,0.0036147911225647388,0.0601231330068946,0.034733893557422964,0.0020956820353905583,0.04577861985021565,0.022356442577030813,4.922718045873585e-05,0.007016208410440489,0.91136,10.978012844920158,3277.40046479553
LSTM,barabasi_albert,56,6,26,48,2,3,4,0.07384615384615385,3.5,0.26,0.5099019513592785,0.1476923076923077,0.00816246153846154,0.09034634214212295,0.4293941385529469,0.00437577368834625,0.06614963105223075,0.057435897435897436,0.006099266812411574,0.07809780286545566,0.04955128205128205,0.0003149414236297566,0.017746589070290565,0.93296,8.92081581801176,1268.0005029775202
LSTM,barabasi_albert,57,14,42,152,4,1,3,0.08826945412311266,2.9523809523809526,0.04645760743321719,0.21554026870452117,0.17653890824622534,0.009686728974028929,0.09842118153136005,0.5032370662370543,0.003314630691832178,0.05757282945827987,0.025261324041811847,0.001559908957768402,0.03949568277379696,0.013226664221529433,2.382366331448315e-05,0.00488094901781233,0.93504,9.04545346647501,6209.95939675346
LSTM,barabasi_albert,58,14,43,156,4,1,3,0.08637873754152824,2.883720930232558,0.10520487264673312,0.32435300622428814,0.17275747508305647,0.011016440537086001,0.10495923273864954,0.500344531994198,0.0036795679944897517,0.06065944274793292,0.024984469113794126,0.0017412378745534393,0.04172814247667202,0.012976687395292045,2.8261816094920126e-05,0.0053161843548658215,0.96928,5.347309917211533,6778.363030940294
LSTM,barabasi_albert,59,5,18,17,1,1,6,0.05555555555555555,4.833333333333333,0.6176470588235294,0.7859052479933758,0.1111111111111111,0.01338851572924441,0.11570875390066393,0.3690821248357274,0.006777079090365729,0.08232301677153073,0.11437908496732026,0.053246630255331655,0.2307523136510914,0.16647443291041908,0.012218151389736979,0.11053574711258335,0.888,16.993807524442673,489.1721580848098
LSTM,barabasi_albert,60,11,43,156,4,2,3,0.08637873754152824,2.9302325581395348,0.06644518272425248,0.25776963111323353,0.17275747508305647,0.00947772981470181,0.09735363277609013,0.5003193597088057,0.0032610701078638915,0.05710577998647678,0.024930448640034575,0.001195414712451639,0.034574769882844324,0.012962489706675752,1.7390474354016293e-05,0.004170188767192235,0.98096,3.710692496970296,5009.734054684639
LSTM,barabasi_albert,61,11,43,156,4,5,3,0.08637873754152824,2.9302325581395348,0.06644518272425248,0.25776963111323353,0.17275747508305647,0.010071618163692201,0.10035745195894623,0.5037404716318047,0.003318273750925725,0.05760445947082331,0.024606325797477242,0.0010511397140215047,0.03242128489158788,0.012877303574977992,1.0991970081195923e-05,0.003315414013542792,0.972,4.936891995370388,5309.861321721226
LSTM,barabasi_albert,62,7,22,40,2,4,4,0.08658008658008658,3.1363636363636362,0.12337662337662338,0.35125008665710444,0.17316017316017315,0.01415515701229987,0.11897544709855,0.4746399177051368,0.004548397468792306,0.06744180801841174,0.05714285714285715,0.011442581259009025,0.10697000167808274,0.05357142857142857,0.000571914523934726,0.02391473445252374,0.89472,12.39519314467907,1655.6602195873857
LSTM,barabasi_albert,63,4,16,15,1,4,6,0.0625,4.75,0.8666666666666667,0.9309493362512627,0.125,0.009407407407407408,0.09699179041242309,0.34588706720708384,0.0060792283636144084,0.07796940658754822,0.14404761904761906,0.057455782312925176,0.23969935818213026,0.2011111111111111,0.016318121693121693,0.12774240366112458,0.86096,15.69784876704216,399.21597266197205
LSTM,barabasi_albert,64,6,16,15,1,1,6,0.0625,4.875,0.7833333333333333,0.8850612031567836,0.125,0.008222222222222223,0.09067647005823629,0.3478110431235431,0.0067262266735319725,0.08201357615378062,0.14404761904761906,0.05310204081632653,0.23043880058776242,0.2011111111111111,0.012270502645502645,0.11077230089468507,0.87296,14.795405626296997,584.8039432130754
LSTM,barabasi_albert,65,5,19,18,1,2,5,0.05263157894736842,4.2105263157894735,0.39766081871345027,0.6306035352846115,0.10526315789473684,0.010251967366977113,0.10125199932335713,0.3690925322454495,0.006671858263245468,0.08168144381219929,0.10698314413484693,0.04948339207767094,0.22244862795187328,0.15659519168291097,0.010623904612401827,0.10307232709317195,0.88016,16.36899010837078,490.65720019489527
LSTM,barabasi_albert,66,12,34,93,3,1,4,0.08288770053475936,2.9705882352941178,0.15062388591800355,0.38810293211724584,0.1657754010695187,0.015373308518665835,0.12398914677771533,0.5004928770738643,0.004704773788326224,0.06859135359741944,0.032196969696969696,0.005281109119321495,0.07267123997374406,0.021831215379602475,0.00013022233967774653,0.011411500325450047,0.92448,11.185330294072628,3875.5877349488437
LSTM,barabasi_albert,67,9,29,54,2,1,4,0.0665024630541872,3.413793103448276,0.2512315270935961,0.5012300141587653,0.1330049261083744,0.013201216447169999,0.11489654671559976,0.4424636398100579,0.0057478944962406735,0.07581486988870108,0.04880496259806604,0.00828949801115551,0.09104668039613256,0.04292099981755154,0.0003190420600368176,0.01786174851566379,0.91344,10.81568968296051,2160.668625343591
LSTM,barabasi_albert,68,4,18,17,1,5,5,0.05555555555555555,4.222222222222222,0.4183006535947712,0.6467616667635545,0.1111111111111111,0.012981432480720086,0.11393608945685334,0.386496903572927,0.008185133028488853,0.09047172502217946,0.10661764705882353,0.04997741960105843,0.2235563007411297,0.15916955017301038,0.006994858689342712,0.08363527180169089,0.76848,20.300469547510147,394.08407036960125
LSTM,barabasi_albert,69,8,27,50,2,1,4,0.07122507122507123,3.4444444444444446,0.2564102564102564,0.5063696835418333,0.14245014245014245,0.008854667138690809,0.0940992409039032,0.4377166488760027,0.004000699652381954,0.0632510841992606,0.05299145299145299,0.006494329528835023,0.08058740304064291,0.046495726495726496,0.00029645718666105914,0.01721793212499861,0.86272,14.840510368347168,2067.132913906127
LSTM,barabasi_albert,70,7,21,38,2,1,4,0.09047619047619047,3.238095238095238,0.29047619047619044,0.5389584311207966,0.18095238095238098,0.01536904761904762,0.12397196303619468,0.4702013198735413,0.006056269976470324,0.07782204042859789,0.0619047619047619,0.010768443477113835,0.10377111099489027,0.05726817042606517,0.0005879449625063662,0.024247576425415515,0.91296,11.616669721901417,1561.051132466644
LSTM,barabasi_albert,71,10,42,152,4,1,3,0.08826945412311266,2.9285714285714284,0.06794425087108014,0.26066118021500656,0.1765389082462253,0.010499253458583708,0.10246586484573146,0.49896320732575966,0.003902607361437365,0.06247085209469585,0.025813008130081302,0.0014177846824051557,0.03765348167706614,0.013371844244758237,2.4690106862044488e-05,0.004968914052591822,0.928,8.770349949598312,4092.1147145070136
LSTM,barabasi_albert,72,13,41,148,4,2,3,0.09024390243902439,2.926829268292683,0.06951219512195123,0.2636516548818748,0.1804878048780488,0.009672256097560977,0.09834762883547817,0.500596692706169,0.0035439394062918633,0.059530995341014276,0.02623514696685428,0.0013216526732873813,0.036354541302117696,0.013670072511535925,2.1614286140416147e-05,0.00464911670539858,0.90672,10.981638312339783,6117.3534224405885
LSTM,barabasi_albert,73,5,12,11,1,1,6,0.08333333333333333,4.916666666666667,0.9924242424242424,0.9962049198956219,0.16666666666666666,0.011770598547458051,0.10849238935270092,0.36154904035303576,0.006763088409158545,0.08223799857218404,0.1893939393939394,0.07011019283746557,0.2647832941056999,0.2630853994490358,0.02085733366725102,0.14442068296214022,0.77888,22.626220643520355,486.8858224339783
LSTM,barabasi_albert,74,4,10,9,1,1,4,0.1,3.2,0.39999999999999997,0.6324555320336759,0.19999999999999998,0.032373113854595334,0.1799253007628314,0.47086538461538463,0.013648514546351085,0.11682685712776444,0.15277777777777776,0.08663408779149519,0.2943366912083765,0.2469135802469136,0.00943758573388203,0.09714723739706667,0.89504,14.49049162864685,390.3657260388136
LSTM,barabasi_albert,75,6,28,52,2,4,4,0.06878306878306878,3.3214285714285716,0.2261904761904762,0.47559486560567094,0.13756613756613756,0.010044926368657506,0.10022438011111622,0.44674030724147784,0.004525430408211996,0.06727131935834167,0.04934879934879935,0.009273742529050704,0.09630027273611796,0.0439051689051689,0.0004013383130312089,0.02003342988684686,0.9232,8.936132408678532,1365.416427910328
LSTM,barabasi_albert,76,10,33,90,3,2,4,0.08522727272727272,3.1515151515151514,0.19507575757575757,0.4416738135499518,0.17045454545454544,0.010564630681818182,0.10278438929048604,0.4793159783805549,0.003888648643750941,0.06235903017006391,0.036045943304007816,0.0026189723023208452,0.05117589571586261,0.023526936026936028,7.104558078792915e-05,0.008428854061373298,0.95504,6.196475759148598,3875.4794100895524
LSTM,barabasi_albert,77,14,44,160,4,3,3,0.08456659619450317,2.9318181818181817,0.06501057082452431,0.2549717059293527,0.16913319238900634,0.008587008348035679,0.09266611218798207,0.49335914988135054,0.002955992841502173,0.05436904304383307,0.02496728078123427,0.0011785241549528752,0.034329639598354,0.012803911205073995,1.8829134394434114e-05,0.004339255050631861,0.93792,8.171341106295586,7366.4160614050925
LSTM,barabasi_albert,78,11,44,160,4,5,3,0.08456659619450317,2.9545454545454546,0.04439746300211417,0.21070705494148545,0.16913319238900634,0.007958132903106301,0.08920836789845615,0.49447578228514477,0.0029540156824952057,0.05435085723790569,0.0248666062619551,0.0012388602364739412,0.03519744644820049,0.012777484143763214,2.048635762114654e-05,0.004526185769623971,0.9064,10.832492113113403,4698.122542493045
LSTM,barabasi_albert,79,8,29,54,2,1,4,0.0665024630541872,3.7241379310344827,0.20689655172413793,0.454858826147342,0.1330049261083744,0.008919146476324519,0.0944412329246316,0.42504843043028384,0.0045340079685457614,0.06733504264902311,0.052089034847655535,0.007349772349069713,0.08573081329994317,0.044563035942346285,0.0003656349383745178,0.01912158305095365,0.94672,8.165876895189285,1966.1382922381163
LSTM,barabasi_albert,80,8,24,44,2,1,4,0.07971014492753623,3.1666666666666665,0.23188405797101447,0.4815434123430768,0.15942028985507245,0.011616120106298457,0.10777810587637202,0.4550162855038463,0.005009867288569654,0.07078041599602007,0.05648880105401844,0.008373078649945286,0.09150452802973898,0.05097167325428195,0.0003427152546404536,0.018512570179217515,0.85584,15.46439166367054,2054.386618465185
LSTM,barabasi_albert,81,7,27,50,2,2,4,0.07122507122507123,3.6296296296296298,0.24216524216524216,0.4921028776234113,0.14245014245014245,0.010106374011699459,0.10053046310297918,0.4336635849099774,0.005063263586137078,0.07115661308787173,0.054358974358974355,0.007970459726053975,0.08927743122454843,0.04717948717948718,0.00048172141909134746,0.021948152976762017,0.8848,12.702916607260704,1870.0569988004863
LSTM,barabasi_albert,82,13,40,144,4,1,3,0.09230769230769231,2.95,0.04871794871794872,0.22072142786315224,0.1846153846153846,0.007761425512904803,0.08809895296145581,0.5000618307873513,0.003076737889464278,0.055468350340210026,0.02692307692307692,0.0010030580484474351,0.03167109168385951,0.014049145299145298,2.045209197424825e-05,0.004522398918079679,0.9928,1.6624070815742016,5814.622539218515
LSTM,barabasi_albert,83,13,44,160,4,2,3,0.08456659619450317,2.909090909090909,0.08456659619450317,0.29080336345115265,0.16913319238900634,0.009744139166705733,0.09871240634644529,0.496047015328036,0.0032542400218026415,0.05704594658521008,0.024765931742675926,0.0013380111736517755,0.036578835050501204,0.012751057082452432,2.1509506353122565e-05,0.004637834230880031,0.91808,9.889366321265697,6023.986967738718
LSTM,barabasi_albert,84,15,50,225,5,1,3,0.09183673469387756,2.88,0.10775510204081633,0.32826072265931594,0.18367346938775508,0.011372812348596247,0.10664338867738705,0.5148037480001378,0.0033459771479469576,0.057844421925946826,0.020102040816326532,0.0008347515092814863,0.028892066545705697,0.008732879818594105,1.047752950380101e-05,0.0032369012193455963,0.92592,9.57955053448677,7963.7402275800705
LSTM,barabasi_albert,85,10,36,99,3,1,4,0.07857142857142857,3.1666666666666665,0.14285714285714285,0.3779644730092272,0.15714285714285714,0.008513119533527697,0.09226656779965156,0.4711626475231543,0.0034846154959966608,0.05903063184480292,0.03389355742296919,0.0020797175277376062,0.04560392009178165,0.02174122174122174,4.44080373805436e-05,0.006663935577460484,0.95936,5.626304380595684,3274.0363395251334
LSTM,barabasi_albert,86,7,27,50,2,1,4,0.07122507122507123,3.4074074074074074,0.25071225071225073,0.5007117441325405,0.14245014245014245,0.011813247020347615,0.10868876216218315,0.44423199561814963,0.005631424643980419,0.07504281873690792,0.05230769230769231,0.00930812522126132,0.09647862572228794,0.046153846153846156,0.0004782425953230458,0.02186875843121977,0.93184,11.068793177604675,1567.6656080633402
LSTM,barabasi_albert,87,5,24,44,2,4,4,0.07971014492753623,3.5416666666666665,0.25905797101449274,0.5089773777040515,0.15942028985507245,0.010794224815758473,0.10389525887045314,0.4454714790883246,0.005492711730936521,0.07411283108164551,0.059123847167325425,0.007021500027461968,0.08379439138428042,0.05228919631093544,0.0002950692573411661,0.01717758007814739,0.86128,14.485450431704521,1073.4846949726343
LSTM,barabasi_albert,88,6,19,18,1,2,8,0.05263157894736842,5.894736842105263,1.3216374269005848,1.1496249070460265,0.10526315789473684,0.008537289726373546,0.09239745519425059,0.3167085138750798,0.005459713886343704,0.0738898767514448,0.1365669074647403,0.04987585371648182,0.22332902569187424,0.18453541260558803,0.014670063276270916,0.12112003664246027,0.88208,13.615258798003197,579.1584878750145
LSTM,barabasi_albert,89,9,33,90,3,1,4,0.08522727272727272,3.090909090909091,0.14772727272727273,0.3843530573929037,0.17045454545454544,0.008977716619318182,0.09475081329106459,0.47327477756697484,0.00390457801133695,0.062486622659069596,0.036962365591397844,0.002049069197766897,0.04526664553252093,0.023842592592592592,5.886443542086666e-05,0.007672316170548934,0.97264,4.9720740877091885,2764.3249513059855
LSTM,barabasi_albert,90,7,26,48,2,1,5,0.07384615384615385,3.8076923076923075,0.32153846153846155,0.5670436151994497,0.1476923076923077,0.00470646153846154,0.06860365543075339,0.41815049857944586,0.003479298989901699,0.0589855828987194,0.05987179487179487,0.0033424136278271998,0.057813611094855506,0.05076923076923077,0.00018870140168199558,0.013736862876290043,0.98576,4.264645401388407,1563.9661308154464
LSTM,barabasi_albert,91,9,27,50,2,1,4,0.07122507122507123,3.5925925925925926,0.25071225071225073,0.5007117441325405,0.14245014245014245,0.00805812640132167,0.08976706746531085,0.4324749680746232,0.0036891827743277556,0.06073864317160662,0.05413105413105413,0.0063351017531981186,0.07959335244351828,0.047065527065527066,0.00033949972153051524,0.01842551821606424,0.95792,6.984413024038076,2262.8081173710525
LSTM,barabasi_albert,92,4,12,11,1,1,5,0.08333333333333333,4,0.36363636363636365,0.6030226891555273,0.16666666666666666,0.02529426496368645,0.1590417082519125,0.4319787378514159,0.010743274767523155,0.10364976974177587,0.14242424242424243,0.07343851740545955,0.2709954195285587,0.22038567493112948,0.010668670172802404,0.10328925487582144,0.89472,14.377825736999512,402.40870340168476
LSTM,barabasi_albert,93,10,35,96,3,1,3,0.08067226890756303,2.942857142857143,0.05546218487394958,0.23550410797680277,0.16134453781512603,0.014877438864819285,0.12197310713767721,0.4913060493271666,0.004812567839321228,0.06937267357772244,0.03244206773618538,0.004450995320204271,0.06671578014386305,0.021568627450980392,9.845774053977814e-05,0.00992258739139032,0.88928,12.016177237033844,3754.9062404334545
LSTM,barabasi_albert,94,5,15,14,1,1,5,0.06666666666666667,4.066666666666666,0.3523809523809524,0.5936168397046637,0.13333333333333333,0.02249757045675413,0.14999190130388418,0.4220381088083305,0.009704159213014193,0.09850969095989588,0.11355311355311355,0.06159826567989833,0.24818997900781234,0.17687074829931976,0.008619770252423314,0.09284271782118032,0.86448,17.480799734592438,486.19605303928256
LSTM,barabasi_albert,95,9,34,93,3,1,4,0.08288770053475936,3.0588235294117645,0.11764705882352941,0.3429971702850177,0.1657754010695187,0.00786016050965006,0.0886575462645457,0.4763041316494345,0.0034647815475527784,0.05886239502052884,0.03526069518716578,0.0017847999825632034,0.04224689317054218,0.02288540049450865,5.4184917510494604e-05,0.0073610405181940555,0.96992,5.575944676995277,2736.0948470644653
LSTM,barabasi_albert,96,5,13,12,1,1,6,0.07692307692307693,4.769230769230769,0.858974358974359,0.9268086959962983,0.15384615384615383,0.00908119658119658,0.09529531248281092,0.3546559368711641,0.006617976760022432,0.08135094811999694,0.17715617715617715,0.06440865531774623,0.2537886036010014,0.24572649572649571,0.018702807164345615,0.1367582069359847,0.9352,10.007467187941074,480.275921843946
LSTM,barabasi_albert,97,7,27,50,2,4,4,0.07122507122507123,3.4444444444444446,0.2564102564102564,0.5063696835418333,0.14245014245014245,0.012154621622077245,0.11024800053550741,0.44750892641846485,0.004396881678089557,0.06630898640523437,0.051054131054131056,0.008427624858814212,0.09180209615697352,0.04552706552706553,0.00040335432717741773,0.020083683107871866,0.96448,5.892171256244183,1830.295085709542
LSTM,barabasi_albert,98,4,11,10,1,3,5,0.09090909090909091,4.181818181818182,0.5636363636363636,0.7507571935295483,0.18181818181818182,0.011636363636363639,0.10787197799411875,0.3895663752411892,0.008797554788811697,0.09379528127156343,0.1878787878787879,0.07006060606060607,0.2646896410149178,0.2690909090909091,0.015338842975206608,0.1238500826612829,0.89984,12.964837342500687,389.7754170037806
LSTM,barabasi_albert,99,10,37,102,3,2,4,0.07657657657657657,3.1621621621621623,0.25075075075075076,0.5007501879687623,0.15315315315315314,0.009457374040707374,0.09724903105279442,0.46718771474827947,0.004386159200906376,0.06622808468396453,0.03367653367653368,0.0035051251973866153,0.05920409780907581,0.021359594889006652,9.157843337126563e-05,0.009569662134645383,0.97792,3.996641341596842,3526.5027460232377
LSTM,watts_strogatz,0,9,39,117,4,5,4,0.07894736842105263,3.1538461538461537,0.13360323886639677,0.36551776819519566,0.15789473684210525,0.0016037323224959905,0.04004662685540432,0.46411635049841604,0.0012436778064603515,0.035265816401443925,0.03154976839187366,0.00032250760683755463,0.01795849678668999,0.01852428573076346,2.00543648360053e-05,0.004478210003562283,0.9936,1.1201585731469095,3316.1556130498648
LSTM,watts_strogatz,1,8,31,93,3,2,4,0.1,3.064516129032258,0.06236559139784946,0.24973103811470743,0.2,0.0026666666666666666,0.051639777949432225,0.49651968672495556,0.001205334166491823,0.03471792284241416,0.03529847979236188,0.00046026415207397835,0.021453767782699112,0.021759741010521447,3.063500997557974e-05,0.005534890240608186,0.9944,1.399935525842011,2615.536289945245
LSTM,watts_strogatz,2,6,29,58,7,1,4,0.07142857142857142,3.793103448275862,0.16995073891625617,0.41225082039488553,0.14285714285714285,0.0014577259475218654,0.03818017741606062,0.41097095528131455,0.001384225641339513,0.037205182990270494,0.053822295201605544,0.0013785259521124017,0.037128505923513834,0.04229658569729913,0.00023123827668459785,0.015206520860624163,0.99856,0.39527258463203907,1437.4958429932594
LSTM,watts_strogatz,3,13,45,180,5,1,3,0.09090909090909091,2.977777777777778,0.022222222222222223,0.14907119849998599,0.18181818181818182,0.0015495867768595046,0.03936479108111085,0.504491916486867,0.00076892428112914,0.0277294839679562,0.022973925299506696,0.00015115379483680885,0.012294461958004052,0.011043771043771043,4.83882756211358e-06,0.002199733520705083,0.9944,1.6492500170134008,6629.051741652191
LSTM,watts_strogatz,4,5,19,19,6,1,8,0.05555555555555555,6.157894736842105,1.2514619883040936,1.11868761873192,0.1111111111111111,0.00411522633744856,0.06415002990995843,0.2865669770455381,0.0046197953658104664,0.06796907654080984,0.15720674234606125,0.03824608618817324,0.19556606604463167,0.19329024315173898,0.011163828886420991,0.1056590217937919,0.97296,5.294147174805403,768.817708954215
LSTM,watts_strogatz,5,7,26,52,4,2,5,0.08,3.8846153846153846,0.34615384615384615,0.5883484054145521,0.16,0.002048,0.04525483399593904,0.42204922717720667,0.0018605300554480815,0.04313386205115514,0.058076923076923075,0.0013450184761546722,0.036674493536443996,0.04603550295857988,0.00018497228567510276,0.01360045167173145,0.99776,0.581680775154382,2034.1834257654846
LSTM,watts_strogatz,6,10,45,180,6,2,3,0.09090909090909091,2.977777777777778,0.022222222222222223,0.14907119849998599,0.18181818181818182,0.002206987227648385,0.04697858264835568,0.5040408260895057,0.0011794151365514514,0.03434261400288935,0.023091378905332395,0.00016389908228398302,0.012802307693692689,0.011071829405162738,5.3561607491371875e-06,0.0023143380801294326,0.9944,1.2642303030006588,4329.4127809889615
LSTM,watts_strogatz,7,8,33,99,3,1,4,0.09375,3.0303030303030303,0.0928030303030303,0.3046358979224712,0.1875,0.00341796875,0.05846339666834283,0.48976758280737903,0.0018413764668968621,0.042911262704526214,0.03409090909090909,0.0005322016091175553,0.02306949520725487,0.020775941230486684,2.8286184079212027e-05,0.005318475728929486,0.89456,13.236310467123985,2322.863918658346
LSTM,watts_strogatz,8,10,45,180,5,1,3,0.09090909090909091,3,0,0.0,0.18181818181818182,0.0026530803906836967,0.05150806141453682,0.5030837447018782,0.0014724277745873056,0.038372226604502714,0.023232323232323233,0.00022602038497288322,0.015033974357197874,0.011105499438832772,6.541884768118564e-06,0.0025577108452908754,0.98288,2.2814883813261986,4110.755075618625
LSTM,watts_strogatz,9,6,28,56,6,3,4,0.07407407407407407,3.642857142857143,0.2380952380952381,0.4879500364742666,0.14814814814814814,0.0035563684397703597,0.059635295251808385,0.428211214226556,0.0027991360564630333,0.05290686209238867,0.0526048026048026,0.0030787608369590475,0.05548658249486129,0.04228080120937264,0.00021285919206785083,0.014589694721544068,0.9968,1.1435528760775924,1434.368851646781
LSTM,watts_strogatz,10,4,15,15,5,1,8,0.07142857142857142,6,1.4285714285714286,1.1952286093343936,0.14285714285714285,0.0036443148688046646,0.0603681610520369,0.30865472504788516,0.0030347873329084245,0.05508890390004528,0.18021978021978025,0.025597322614591064,0.15999163295182364,0.22285714285714286,0.006735341755749919,0.08206912790903727,0.95424,8.35529214143753,482.1002442166209
LSTM,watts_strogatz,11,4,12,12,3,1,5,0.09090909090909091,4.083333333333333,0.44696969696969696,0.6685579234215214,0.18181818181818182,0.012021036814425245,0.1096404889373686,0.4041129804215494,0.0066964439034995155,0.0818318025189444,0.15606060606060607,0.044655647382920105,0.2113188287468017,0.2133838383838384,0.006979227537078777,0.08354177121104614,0.92928,9.288723692297935,578.2724145688117
LSTM,watts_strogatz,12,7,38,114,10,1,4,0.08108108108108109,3.1578947368421053,0.13655761024182075,0.369537021476632,0.16216216216216217,0.002290091406234577,0.04785489950083039,0.4674798038799486,0.00118926861155684,0.03448577404607355,0.03196617670301881,0.00041444004995074403,0.02035780071497764,0.018866511941304186,1.9670548578565938e-05,0.004435149217170257,0.99872,0.48627669690176845,3637.600094527006
LSTM,watts_strogatz,13,8,26,52,4,1,4,0.08,3.6538461538461537,0.2353846153846154,0.485164524037584,0.16,0.004864,0.06974238309665078,0.42850811933938826,0.0023593337858630477,0.04857297382148892,0.0567948717948718,0.003308874085121229,0.05752281360574454,0.04544378698224852,0.0002447280868347946,0.01564378748368804,0.97632,4.729682125151157,6269.952765576541
LSTM,watts_strogatz,14,10,37,111,5,1,4,0.08333333333333333,3.054054054054054,0.052552552552552555,0.22924343513512563,0.16666666666666666,0.002271947873799725,0.04766495435642129,0.47731901453353365,0.0011394377334012992,0.03375555855561124,0.03157443157443158,0.00045755813292678546,0.021390608521657008,0.01896491085680275,1.926549404619723e-05,0.004389247548976616,0.9968,0.620164598338306,10918.783880405128
LSTM,watts_strogatz,15,3,13,13,6,2,8,0.08333333333333333,6.3076923076923075,1.3974358974358974,1.1821319289469756,0.16666666666666666,0.004629629629629629,0.06804138174397717,0.3119062082944976,0.005016664642856003,0.07082841691620675,0.21561771561771562,0.044886510795601714,0.21186436886744717,0.2593688362919132,0.017755693791196746,0.13325049264898328,0.99872,0.5303981425240636,1237.9804915376008
LSTM,watts_strogatz,16,7,28,56,6,2,4,0.07407407407407407,3.892857142857143,0.09920634920634921,0.314970394174356,0.14814814814814814,0.0020322105370116344,0.04508004588519886,0.4081069572875227,0.001295202138328196,0.035988916881842886,0.05647130647130647,0.0015916503517583662,0.03989549287524051,0.04407596371882086,0.00023498069556285615,0.015329080062510474,0.99088,1.7790132812224329,6042.298304978758
LSTM,watts_strogatz,17,9,42,168,7,5,3,0.0975609756097561,3,0,0.0,0.1951219512195122,0.0023795359904818557,0.048780487804878044,0.5131015677207135,0.0009534036932433768,0.030877235842014367,0.023896631823461092,0.00015173735057779505,0.012318171559845846,0.011642055196062163,4.909537668332847e-06,0.002215747654479825,0.99968,0.11701401951722801,4294.465632844716
LSTM,watts_strogatz,18,11,47,188,6,1,4,0.08695652173913043,3.021276595744681,0.06475485661424607,0.2544697557947625,0.17391304347826086,0.0017259801101339688,0.041544916778517786,0.49970742036090354,0.0011044108826618725,0.03323267793395339,0.022448350292938637,0.00011717125518736438,0.010824567205545189,0.01069242427224595,4.500587302715638e-06,0.002121458767620912,0.99728,0.7469370495527983,4859.439135376364
LSTM,watts_strogatz,19,3,12,12,5,1,6,0.09090909090909091,4.666666666666667,0.7878787878787878,0.8876253645985945,0.18181818181818182,0.007513148009015777,0.08667841720414475,0.37358832409093135,0.004345044931096633,0.06591695480752,0.17575757575757575,0.031094415226646625,0.1763360860024023,0.2297979797979798,0.005836602944040961,0.07639766321060455,0.92368,11.42498429119587,388.18923773244023
LSTM,watts_strogatz,20,10,43,172,7,1,3,0.09523809523809523,2.953488372093023,0.04540420819490587,0.21308263231644636,0.19047619047619047,0.0024295432458697756,0.049290397095882434,0.5105301420619082,0.0012355960647812885,0.035151046425124934,0.023606947032925478,0.00023401785901766987,0.015297642269894727,0.011441190862499676,6.694494878183677e-06,0.002587372195526511,0.9984,0.4599458137527108,3741.1559289321303
LSTM,watts_strogatz,21,4,13,13,5,1,8,0.08333333333333333,6.3076923076923075,1.3974358974358974,1.1821319289469756,0.16666666666666666,0.00462962962962963,0.06804138174397717,0.3071395232797725,0.004171109383483844,0.06458412640489801,0.21794871794871795,0.04601080737444374,0.21450129923719283,0.2613412228796844,0.020368684569867998,0.14271890053482053,0.94224,8.481729157269001,579.6686203405261
LSTM,watts_strogatz,22,9,45,180,6,3,3,0.09090909090909091,3,0,0.0,0.18181818181818182,0.002277422990232908,0.047722353150624376,0.5066743489870814,0.0010738054254771118,0.032768970467152485,0.02283298097251586,0.0001824191540651171,0.013506263512352967,0.01101010101010101,5.0266836867245e-06,0.002242026691795729,0.9736,4.90188892185688,3649.181418582797
LSTM,watts_strogatz,23,9,38,114,6,2,4,0.08108108108108109,3.0789473684210527,0.07467994310099574,0.2732763127330939,0.16216216216216217,0.0017767950565613095,0.04215204688459755,0.4692780769695267,0.0010748878720965842,0.03278548264242246,0.03168958432116327,0.00031171413599671627,0.017655427947141814,0.01877916697861296,1.3885931785801412e-05,0.0037263832043687366,0.98896,1.5125417145900428,3487.674322396517
LSTM,watts_strogatz,24,7,33,99,6,2,3,0.09375,2.9696969696969697,0.030303030303030304,0.17407765595569785,0.1875,0.0037841796875,0.061515686515717274,0.4901203870560686,0.002077738109517921,0.045582212643946116,0.03409090909090909,0.0007724136705152757,0.027792331145754502,0.020775941230486684,3.561189272141137e-05,0.005967570085169622,0.95968,6.270112834870815,2211.441111456603
LSTM,watts_strogatz,25,9,37,111,9,1,4,0.08333333333333333,3.054054054054054,0.052552552552552555,0.22924343513512563,0.16666666666666666,0.001929012345679012,0.04392052305789415,0.4689413390862948,0.0010850321134663022,0.03293982564413938,0.03264693264693265,0.00040915013702176687,0.020227459974543685,0.019303086870654438,2.1582869375358864e-05,0.00464573668812158,0.99712,0.82353784609586,2851.7204298600554
LSTM,watts_strogatz,26,4,14,14,6,1,8,0.07692307692307693,6.357142857142857,1.9395604395604396,1.3926810257774174,0.15384615384615385,0.003641329085116068,0.06034342619636432,0.29898899475989277,0.004268068103017978,0.06533045310586769,0.2087912087912088,0.042518296956166775,0.2061996531426927,0.250392464678179,0.01742967815905867,0.1320215064262587,0.96496,5.334601446986198,577.9960486888885
LSTM,watts_strogatz,27,10,49,196,6,1,3,0.08333333333333333,3,0,0.0,0.16666666666666666,0.0018988715277777775,0.04357604304864977,0.490780296114642,0.0008931315069182501,0.029885305869578282,0.022235489940657115,0.00019051377685791975,0.013802672815723763,0.010434020546994306,4.23415546517925e-06,0.0020577063602903235,0.99808,0.5456698620691895,4251.180768016726
LSTM,watts_strogatz,28,15,50,250,6,3,3,0.10204081632653061,2.94,0.05755102040816327,0.23989793748209523,0.2040816326530612,0.0019039685845183547,0.04363448847549785,0.5323226135648899,0.0007182265884135928,0.026799749782667612,0.018401360544217687,8.659799243107024e-05,0.009305804233437872,0.007533061224489796,1.8571827364621734e-06,0.0013627849193699544,0.96992,4.201786221936345,8032.724546410143
LSTM,watts_strogatz,29,3,19,19,7,3,12,0.05555555555555555,9.421052631578947,3.0350877192982457,1.7421503147829254,0.1111111111111111,0.0013717421124828531,0.037037037037037035,0.22259172959276152,0.0022944425403254648,0.04790033966816378,0.21878224974200208,0.035049997014693454,0.1872164442956159,0.24838411819021236,0.019475578130602886,0.13955492872200137,0.99664,0.8184090717695653,388.81013774871826
LSTM,watts_strogatz,30,9,42,168,5,1,3,0.0975609756097561,2.9761904761904763,0.023809523809523808,0.1543033499620919,0.1951219512195122,0.0027567795011680042,0.05250504262609454,0.5152648102949572,0.0011386908261489586,0.03374449327147999,0.023722415795586527,0.00019319938215511562,0.013899618057886181,0.011600575189425363,5.861573147599214e-06,0.0024210685962192838,0.97088,5.0507534090429544,3230.445850390941
LSTM,watts_strogatz,31,6,23,46,7,1,4,0.09090909090909091,3.4782608695652173,0.2608695652173913,0.5107539184552492,0.18181818181818182,0.004695717505634861,0.06852530558585537,0.45062480076060313,0.0024615140629765816,0.04961364795070588,0.05928853754940711,0.002916203608255903,0.054001885228720514,0.04880563670733803,0.000255535341008063,0.015985472811526815,0.97296,5.5206912234425545,1246.4634574204683
LSTM,watts_strogatz,32,9,49,196,7,2,3,0.08333333333333333,3,0,0.0,0.16666666666666666,0.0013563368055555555,0.03682847818679935,0.49060306374267626,0.0008058115266505281,0.028386819593792613,0.022235489940657115,0.00011452042622563527,0.010701421691795688,0.010434020546994306,3.983892190779435e-06,0.0019959689854252335,0.99744,0.8972666058689356,3624.7828687615693
LSTM,watts_strogatz,33,11,40,160,5,1,3,0.10256410256410256,2.975,0.025,0.15811388300841897,0.20512820512820512,0.002258972673173856,0.04752865107673324,0.5202903992719069,0.001060384221051989,0.03256354128549272,0.024460188933873143,0.0002177995634355193,0.014758033860766118,0.01205929487179487,7.059118565177333e-06,0.0026569001797540934,0.99408,1.6482855267822742,4308.909834276885
LSTM,watts_strogatz,34,11,42,168,5,2,3,0.0975609756097561,3,0,0.0,0.1951219512195122,0.002756779501168004,0.05250504262609453,0.5149802571516536,0.0011435355825173649,0.03381620295830631,0.023751451800232286,0.00019584299103005614,0.013994391413350427,0.011607488523864829,5.178709830621175e-06,0.002275677883757096,0.9752,3.465701637789607,5020.941089775413
LSTM,watts_strogatz,35,3,10,10,4,2,5,0.1111111111111111,3.9,0.5444444444444444,0.7378647873726218,0.2222222222222222,0.013717421124828532,0.11712139482105108,0.4341060940118176,0.008535400953611692,0.09238723371555017,0.175,0.03910322359396433,0.19774535037255447,0.24000000000000002,0.004148148148148148,0.06440611887195306,0.94992,9.3499391451478,389.83574421703815
LSTM,watts_strogatz,36,7,26,52,6,2,5,0.08,3.769230769230769,0.3446153846153846,0.5870395085642742,0.16,0.0028160000000000004,0.053065996645686404,0.42594087245844675,0.0024125126491764915,0.04911733552602881,0.057435897435897436,0.0014729679184836328,0.03837926417329588,0.045739644970414196,0.00016925972800489235,0.013009985703485317,0.99856,0.466700944933109,1926.683784507215
LSTM,watts_strogatz,37,5,26,52,8,4,5,0.08,3.8846153846153846,0.26615384615384613,0.5159010042186836,0.16,0.0033280000000000002,0.05768882040742383,0.4262245258821226,0.0024658897519962107,0.04965772600508617,0.05743589743589744,0.0022972266860153373,0.04792939271486065,0.045739644970414196,0.0002345928571802969,0.015316424425442673,0.99888,0.5424708472564816,961.5965199358761
LSTM,watts_strogatz,38,6,20,40,7,1,4,0.10526315789473684,3.15,0.13421052631578947,0.36634754853252327,0.21052631578947367,0.006123341594984691,0.07825178333421348,0.48229953249977964,0.0024607982398482512,0.0496064334522071,0.06081871345029239,0.0018413022001083795,0.042910397342699816,0.05236842105263157,0.00012311437170459718,0.011095691582979277,0.99872,0.45727767888456583,1339.4324137493968
LSTM,watts_strogatz,39,8,38,114,7,4,4,0.08108108108108109,3.0789473684210527,0.07467994310099574,0.2732763127330939,0.16216216216216217,0.0019742167295125662,0.04443215873117765,0.4661709541526163,0.0011966610096725884,0.03459278840557072,0.03212422949265054,0.00047904723062319987,0.021887147612770375,0.01891642334855631,2.4945030620855714e-05,0.00499450003712641,0.99888,0.4090335741639137,2627.243756353855
LSTM,watts_strogatz,40,3,10,10,4,3,5,0.1111111111111111,3.9,0.5444444444444444,0.7378647873726218,0.2222222222222222,0.016460905349794237,0.12830005981991682,0.42763986013986016,0.009144926945626247,0.09562911139201413,0.18055555555555555,0.04256687242798353,0.2063174069921962,0.24444444444444446,0.0035116598079561047,0.05925925925925926,0.92784,9.109112523496151,393.44610641524196
LSTM,watts_strogatz,41,5,17,17,5,1,10,0.0625,7.9411764705882355,2.3088235294117645,1.519481335657587,0.125,0.00390625,0.0625,0.2516246205190915,0.002726195071126688,0.05221297799519472,0.20980392156862746,0.05584405637254901,0.236313470569388,0.24394463667820068,0.029629617850600448,0.1721325589497828,0.9904,2.18195787537843,774.821429207921
LSTM,watts_strogatz,42,3,18,18,6,4,9,0.058823529411764705,6.944444444444445,1.7026143790849673,1.3048426644944466,0.11764705882352941,0.004884998982291879,0.06989276773952995,0.2756573351454159,0.003640179623296266,0.0603339011112017,0.17483660130718956,0.054800755365583376,0.23409561158975914,0.21096586782861293,0.025399007197108983,0.1593706597749692,0.96,6.140385292470455,640.9946005009115
LSTM,watts_strogatz,43,10,36,108,6,1,4,0.08571428571428572,3.138888888888889,0.12301587301587302,0.35073618720610084,0.17142857142857143,0.0024256559766763844,0.04925094899264769,0.4682483447765674,0.0016194995222824045,0.04024300588030676,0.033846872082166204,0.0004987704653126399,0.022333169620827223,0.019914756025867134,3.254126578647425e-05,0.005704495226264481,0.99696,1.0472543365322053,3859.491071924567
LSTM,watts_strogatz,44,5,26,52,7,1,4,0.08,3.6153846153846154,0.24615384615384617,0.4961389383568338,0.16,0.0032,0.0565685424949238,0.42889437134744407,0.002314394905834907,0.04810815841242426,0.05666666666666667,0.002646459141821338,0.0514437473539918,0.045384615384615384,0.00027091221820015906,0.016459411234918432,0.9728,4.914892550557852,1026.8843546062708
LSTM,watts_strogatz,45,5,29,58,6,3,5,0.07142857142857142,3.9655172413793105,0.17733990147783252,0.42111744380615784,0.14285714285714285,0.001366618075801749,0.03696779782191183,0.4069803315172967,0.0012668597677819938,0.035592973573192695,0.054643313264002916,0.0010405096253156263,0.03225693143055654,0.042678783760828946,0.00019321285029913913,0.01390010252836788,0.9992,0.34551889600697905,1138.4172167889774
LSTM,watts_strogatz,46,5,17,17,6,1,8,0.0625,6.0588235294117645,1.3088235294117647,1.1440382552221602,0.125,0.0048828125,0.06987712429686843,0.29928486605780624,0.005340543641968639,0.07307902326912039,0.16862745098039217,0.04114174836601307,0.20283428794464972,0.20761245674740483,0.01289149959291675,0.11354073979377072,0.94832,8.833855740725994,930.2045867554843
LSTM,watts_strogatz,47,5,27,54,8,2,5,0.07692307692307693,3.7037037037037037,0.37037037037037035,0.6085806194501846,0.15384615384615385,0.002275830678197543,0.04770566714969557,0.4299097406264008,0.0017473844445359521,0.04180172776974598,0.0539031339031339,0.0014825849661228637,0.03850434996364519,0.04347367310330273,0.0001097434541858698,0.010475851000556938,0.98704,2.251631318125874,1034.5688312351704
LSTM,watts_strogatz,48,10,32,96,7,1,3,0.0967741935483871,3,0,0.0,0.1935483870967742,0.0029539122553791405,0.05434990575317625,0.4945834217212366,0.0012884987590224303,0.03589566490570178,0.034408602150537634,0.00047460015608319004,0.021785319737915025,0.021169354838709676,2.217253498380798e-05,0.004708772131225717,0.99776,0.6707070902921259,3723.9816948994994
LSTM,watts_strogatz,49,5,26,52,8,1,4,0.08,3.5,0.26,0.5099019513592785,0.16,0.004352,0.06596969000988256,0.4364471865188417,0.0028450111142148266,0.05333864559786672,0.055128205128205134,0.002917123724129095,0.05401040385082392,0.04467455621301775,0.00022299935478386194,0.014933162919618267,0.99904,0.5210993997752666,1038.3716558516026
LSTM,watts_strogatz,50,10,44,176,4,2,3,0.09302325581395349,2.977272727272727,0.022727272727272728,0.15075567228888181,0.18604651162790697,0.0013080609254531046,0.036167124926555945,0.5110325662496752,0.0008375045737485297,0.028939671279206502,0.02292862176583107,0.0001082544471338558,0.010404539736761824,0.011153421103209686,4.264624712165103e-06,0.0020650967803386606,0.988,2.4004205437377095,4572.267925821245
LSTM,watts_strogatz,51,11,47,188,6,3,3,0.08695652173913043,3,0,0.0,0.17391304347826086,0.0014588641407084736,0.03819508005893525,0.49689763923131763,0.0007666879603601596,0.027689130725975484,0.02263336416897934,0.0001298077600801031,0.01139332085390836,0.01073670950853229,4.2969651836984745e-06,0.0020729122469845354,0.98928,1.6618315922096372,5342.173921342939
LSTM,watts_strogatz,52,8,37,111,7,1,4,0.08333333333333333,3.1621621621621623,0.13963963963963966,0.37368387661182234,0.16666666666666666,0.0017575445816186556,0.04192307934322878,0.46986887862766036,0.0010520588738648336,0.032435457047262854,0.03251823251823252,0.0002785163699119375,0.016688809721245475,0.019262505748992232,1.5612230204981477e-05,0.0039512314795493155,0.99664,0.789955482352525,2679.9977399781346
LSTM,watts_strogatz,53,9,43,172,7,1,3,0.09523809523809523,3,0,0.0,0.19047619047619047,0.0022675736961451243,0.047619047619047616,0.5117042632818969,0.0010673666458141172,0.03267057767799825,0.023471895848526592,0.00013805803465125036,0.011749809983623155,0.011408998429009245,4.851193124436067e-06,0.002202542422845941,0.99712,0.6421951521188021,3746.755646765232
LSTM,watts_strogatz,54,6,33,99,6,3,3,0.09375,3,0,0.0,0.1875,0.0018310546875,0.0427908248050911,0.4858737588589195,0.0012287111889990497,0.0350529768921136,0.0344574780058651,0.00035901430213866354,0.01894767273674167,0.02089072543617998,2.7837242329643752e-05,0.005276101053774819,0.97872,4.058904945850372,1655.0650102421641
LSTM,watts_strogatz,55,5,21,42,4,1,4,0.1,3.238095238095238,0.19047619047619047,0.4364357804719847,0.2,0.0032500000000000003,0.0570087712549569,0.4699143722848466,0.001660778333068253,0.040752648172459334,0.06015037593984962,0.0013434365519060809,0.036652920100669756,0.05102040816326531,0.0001928923459950505,0.01388856889658004,0.95344,7.060491539537907,1033.6475621052086
LSTM,watts_strogatz,56,5,20,40,4,3,4,0.10526315789473684,3.3,0.2210526315789474,0.47016234598162726,0.21052631578947367,0.004082227729989794,0.06389231354388253,0.4738482370404395,0.002769647210937554,0.052627437814675666,0.0631578947368421,0.0019284408595916429,0.04391401666429117,0.053421052631578946,0.00022229089246797985,0.014909422942152384,0.89888,12.356455847620964,1134.6376465000212
LSTM,watts_strogatz,57,8,38,114,6,3,4,0.08108108108108109,3.0526315789473686,0.051209103840682786,0.22629428592141426,0.16216216216216217,0.0015004047144295503,0.03873505795051235,0.46606635196991314,0.0008073587733285148,0.02841405943065008,0.03204520309783468,0.0002851767877367417,0.016887178205275792,0.018891467644930247,1.9657337937138425e-05,0.004433659655086126,0.96128,5.329767804592848,2800.277795292437
LSTM,watts_strogatz,58,10,41,164,7,1,3,0.1,2.951219512195122,0.0475609756097561,0.21808478995509087,0.2,0.00309375,0.05562148865321748,0.5181634685458003,0.0011546132901139954,0.033979601088211665,0.024046278924327705,0.00021058693085384685,0.014511613654375135,0.011815883402736465,5.682705307895424e-06,0.0023838425509868357,0.99424,1.2117644702084363,4375.671451121569
LSTM,watts_strogatz,59,8,32,96,6,1,4,0.0967741935483871,3.15625,0.13608870967741934,0.36890203262847354,0.1935483870967742,0.0035581215803430558,0.05964999229122377,0.48884145644331656,0.0021867588879526025,0.04676279384246201,0.035483870967741936,0.0006698126866321066,0.025880739684794686,0.02150537634408602,3.394350065364337e-05,0.0058261051014930525,0.99888,0.5205494938418269,2483.4995054900646
LSTM,watts_strogatz,60,11,41,164,4,2,3,0.1,2.975609756097561,0.024390243902439022,0.15617376188860604,0.2,0.0027187500000000002,0.05214163403653553,0.5151760301574072,0.001503908317956745,0.0387802568062248,0.02442151344590369,0.00019834105168494418,0.014083360809300605,0.011905116002379536,7.809930007889751e-06,0.0027946251998952833,0.97552,4.1041582226753235,5115.498303472996
LSTM,watts_strogatz,61,15,49,196,7,3,3,0.08333333333333333,3,0,0.0,0.16666666666666666,0.0017541956018518518,0.04188311833963479,0.49273895069466267,0.000967039773708923,0.031097263122482708,0.022072658850774352,0.00017121031178462577,0.013084735831671412,0.010394974316257114,5.1120214301583125e-06,0.0022609779809096577,0.99856,0.3138031858834438,8190.508538138121
LSTM,watts_strogatz,62,5,19,19,6,1,11,0.05555555555555555,8.368421052631579,2.1345029239766085,1.4609938138050442,0.1111111111111111,0.0027434842249657062,0.05237828008789241,0.25157133364651557,0.003195131858984341,0.056525497423590546,0.18747850017199863,0.041389838815929995,0.2034449282138289,0.22037550015389348,0.01983916278733037,0.14085156295664727,0.99104,1.9000624446198344,687.5272149369121
LSTM,watts_strogatz,63,9,40,160,8,2,3,0.10256410256410256,2.95,0.04871794871794872,0.22072142786315224,0.20512820512820512,0.0027984288339317925,0.05290017801417867,0.5176642292838165,0.00131863425777929,0.03631300397625195,0.0247638326585695,0.00022135273299618623,0.01487792771175429,0.012131410256410256,7.85587330286393e-06,0.0028028330850880024,0.99808,0.5555803447496146,3606.9358386062086
LSTM,watts_strogatz,64,5,15,15,6,1,7,0.07142857142857142,5.6,0.9714285714285714,0.9856107606091623,0.14285714285714285,0.004373177842565597,0.06613000712661081,0.31716904481804403,0.004869493535065535,0.06978175646302932,0.17655677655677657,0.03665821358129051,0.19146334787966732,0.2196825396825397,0.010138861893963937,0.10069191573291242,0.9336,9.51069276034832,784.1133581846952
LSTM,watts_strogatz,65,10,42,168,5,2,3,0.0975609756097561,3,0,0.0,0.1951219512195122,0.002495610916846825,0.049956089887488446,0.5087759288973297,0.0010521825968861408,0.032437364209906776,0.024332171893147504,0.0001514301217835171,0.012305694689188297,0.011745755212654167,6.412598460165662e-06,0.0025323108932683723,0.99712,0.7923031677491963,4416.372866846621
LSTM,watts_strogatz,66,9,28,56,6,1,5,0.07407407407407407,3.8214285714285716,0.37433862433862436,0.6118321864193027,0.14814814814814814,0.001422547375908144,0.037716672386467816,0.4163814521118581,0.0015923516974009305,0.03990428169258194,0.054741554741554746,0.0010510466556292906,0.03241984971632797,0.043272864701436126,0.0001306713942155979,0.01143115891830736,0.9968,0.6289157448336482,2263.287219464779
LSTM,watts_strogatz,67,14,43,172,8,1,3,0.09523809523809523,2.9767441860465116,0.023255813953488372,0.15249857033260467,0.19047619047619047,0.0017276751970629518,0.041565312425903306,0.5121581884939501,0.0010421755084734747,0.03228274319932361,0.023417875374767038,0.00014269317828012975,0.011945424993700717,0.011396121455613072,5.864917777532377e-06,0.0024217592319494474,0.99888,0.5753329340368509,6703.217570863664
LSTM,watts_strogatz,68,4,16,16,7,1,7,0.06666666666666667,5.5625,0.7958333333333333,0.8920949127381756,0.13333333333333333,0.0035555555555555557,0.05962847939999439,0.30957623935163187,0.005218633216976617,0.07224010809084255,0.17023809523809524,0.05004232804232804,0.2237014261070502,0.21145833333333333,0.01756365740740741,0.13252794953294725,0.95824,6.185346871614456,592.6166378892958
LSTM,watts_strogatz,69,10,48,192,5,2,3,0.0851063829787234,3,0,0.0,0.1702127659574468,0.0012713945850148813,0.0356566204934635,0.49643352115408357,0.0006412539420096564,0.025322992358914782,0.022163120567375887,0.00012968255587734353,0.011387824896675551,0.010518247635933805,4.116843438577137e-06,0.002029000600930699,0.99824,0.4600056551862508,4323.930599309504
LSTM,watts_strogatz,70,6,24,48,7,1,4,0.08695652173913043,3.5416666666666665,0.25905797101449274,0.5089773777040515,0.17391304347826086,0.00443823456891592,0.06662007632024988,0.44279908428094555,0.0026356188089959607,0.05133827820443495,0.05846508563899867,0.0037128248197042957,0.06093295347924878,0.04762983091787439,0.00033611260601267034,0.018333374103330524,0.99904,0.27918056678026915,1398.4157580286264
LSTM,watts_strogatz,71,4,17,17,5,1,7,0.0625,5.823529411764706,1.0294117647058825,1.0145993123917847,0.125,0.00390625,0.0625,0.2919965996638653,0.004439929911636198,0.06663279906799803,0.17254901960784313,0.03579005821078431,0.1891826054656831,0.2110726643598616,0.010869003472928964,0.10425451296192872,0.968,5.808732703328133,598.30888575688
LSTM,watts_strogatz,72,10,34,102,9,1,4,0.09090909090909091,3.1470588235294117,0.12923351158645277,0.35949062795357095,0.18181818181818182,0.003450482789325764,0.058740810254249674,0.47766607946160783,0.0019226547216567727,0.04384808686427234,0.03470365418894831,0.0006385904977413556,0.02527034819192952,0.020691342490650445,3.3843247877072175e-05,0.005817494982986421,0.9992,0.32128728076349944,3949.8509415201843
LSTM,watts_strogatz,73,10,44,176,8,1,3,0.09302325581395349,3,0,0.0,0.18604651162790697,0.0018111612813966063,0.04255774055793618,0.5107688585842014,0.0008606564712831305,0.029336947204559823,0.022953790395650858,0.0001723263496325129,0.013127313115505126,0.011159427253507591,5.0960543076996456e-06,0.002257444198136389,0.99632,0.7908273683860898,4164.792532615364
LSTM,watts_strogatz,74,5,18,18,7,1,7,0.058823529411764705,6,1.0588235294117647,1.0289915108550531,0.11764705882352941,0.0036637492367189092,0.06052891240323841,0.2882183426524823,0.003894483357099873,0.06240579586144121,0.16339869281045752,0.05032283963181582,0.2243275275837003,0.20079883805374002,0.01973502175159155,0.1404813929016635,0.996,2.052693985402584,848.7737568169832
LSTM,watts_strogatz,75,9,37,111,7,2,4,0.08333333333333333,3.108108108108108,0.0990990990990991,0.3148000938676784,0.16666666666666666,0.002357681755829904,0.04855596519306257,0.46994511011048934,0.0012620681097319888,0.035525597950379226,0.03256113256113256,0.0005592930924149661,0.0236493782669855,0.019276032789546302,2.378803863461068e-05,0.004877298292560204,0.96128,6.054578568786383,3484.502618379891
LSTM,watts_strogatz,76,6,21,42,3,2,4,0.1,3.5238095238095237,0.26190476190476186,0.511766315719159,0.2,0.0045000000000000005,0.0670820393249937,0.4517382256948876,0.0024390960322791485,0.04938720514747872,0.06516290726817042,0.002931613707758676,0.0541443783578561,0.05328798185941043,0.00034404139826590654,0.018548352979871462,0.96512,6.202061235904694,1415.7669378593564
LSTM,watts_strogatz,77,3,18,18,8,4,8,0.058823529411764705,6,1.6470588235294117,1.2833778958394957,0.11764705882352941,0.004477915733767555,0.06691723046994365,0.29467015163634763,0.004769485149623721,0.06906145922020271,0.16053921568627452,0.037784004172603296,0.19438107977013425,0.1982570806100218,0.01056406158516207,0.10278162085296218,0.99584,1.1826777923852205,397.84524799883366
LSTM,watts_strogatz,78,6,22,44,4,1,4,0.09523809523809523,3.4545454545454546,0.2597402597402597,0.5096471914376255,0.19047619047619047,0.004535147392290249,0.06734350297014738,0.45411136698172405,0.003002009980777046,0.05479060120839199,0.06168831168831169,0.0024840161888773317,0.04983990558656117,0.050767414403778036,0.00016837228829085293,0.012975834782042076,0.95072,6.5792566649615765,1264.9465645104647
LSTM,watts_strogatz,79,11,44,176,5,3,4,0.09302325581395349,3.0454545454545454,0.04439746300211417,0.21070705494148545,0.18604651162790697,0.0022639516017457584,0.04758100042817257,0.5052484037013052,0.0011680876369381734,0.03417729709819332,0.02353266888150609,0.0001984780571381655,0.014088224059056041,0.011297568710359408,6.0531130899044805e-06,0.0024603075193772995,0.9976,0.4685765322064981,5138.042035702616
LSTM,watts_strogatz,80,5,24,48,8,1,4,0.08695652173913043,3.6666666666666665,0.2318840579710145,0.4815434123430768,0.17391304347826086,0.0026300649297279523,0.05128415866257291,0.4314347319383202,0.0018243307937076305,0.042712185541220325,0.060935441370223976,0.001587853631057227,0.039847881136356886,0.04876207729468599,0.0002525409605534447,0.015891537387976176,0.94096,7.412152752280235,1235.843357425183
LSTM,watts_strogatz,81,11,44,176,5,4,4,0.09302325581395349,3.0454545454545454,0.04439746300211417,0.21070705494148545,0.18604651162790697,0.002741896939892085,0.05236312576510387,0.5081238062833813,0.0014150727153677226,0.03761745227108985,0.023306151213127957,0.00018701690934730573,0.013675412584171116,0.011243513357678262,5.08633870674697e-06,0.0022552912687160763,0.9776,2.927483015693724,5167.695106215775
LSTM,watts_strogatz,82,8,49,196,6,2,3,0.08333333333333333,3,0,0.0,0.16666666666666666,0.00146484375,0.038273277230987154,0.49675820675217314,0.0008804297551799382,0.029672036586320432,0.021710811984368215,0.00011362634834024838,0.010659566048402177,0.010308204914618908,4.34886477730672e-06,0.0020853931948931646,0.99216,1.494501986540854,2922.0974753312767
LSTM,watts_strogatz,83,5,20,40,7,1,4,0.10526315789473684,3.6,0.25263157894736843,0.5026246899500346,0.21052631578947367,0.0037906400349905227,0.06156817388058966,0.46199789065872393,0.0026235673500530545,0.051220770689760754,0.06608187134502923,0.002615295543281657,0.051139960337114626,0.05473684210526315,0.0003589416029535467,0.01894575421970703,0.99712,0.6740060341544449,1099.8137750588357
LSTM,watts_strogatz,84,9,32,96,4,1,4,0.0967741935483871,3.0625,0.06048387096774194,0.24593468841898236,0.1935483870967742,0.0024839716692960957,0.049839458958701545,0.488512752684672,0.0011094779696514952,0.03330882720318287,0.03521505376344086,0.0003294651301365909,0.01815117434593671,0.021421370967741934,2.3699600690913607e-05,0.004868223566241962,0.94256,7.611834451556206,3187.9896026030183
LSTM,watts_strogatz,85,7,32,96,6,1,3,0.0967741935483871,3,0,0.0,0.1935483870967742,0.0025511060387365305,0.05050847491992339,0.4861669597791262,0.0014443095534999624,0.03800407285410292,0.03561827956989247,0.00044058899432734735,0.020990211869520214,0.021547379032258063,2.7106522055835926e-05,0.005206392422381924,0.99888,0.2915942409308627,2107.8931340537965
LSTM,watts_strogatz,86,9,45,180,4,1,3,0.09090909090909091,3,0,0.0,0.18181818181818182,0.0014791510142749815,0.03845973237393861,0.500925071695106,0.0008656830414353651,0.02942249210103327,0.023326286116983792,0.000155139924397252,0.01245551782934985,0.011127946127946127,5.2400852535079045e-06,0.002289123249960103,0.98816,2.2355928951874375,3445.408790808171
LSTM,watts_strogatz,87,7,30,90,7,2,3,0.10344827586206896,3,0,0.0,0.20689655172413793,0.0022961171019722005,0.04791781612273456,0.5117509318909965,0.0009480636002521089,0.030790641439439177,0.03431855500821018,0.0003258479139784579,0.018051257961107806,0.021787994891443167,1.7247736040331778e-05,0.004153039373799842,0.97312,4.819857273250818,2119.6138328649104
LSTM,watts_strogatz,88,10,45,180,7,4,3,0.09090909090909091,3,0,0.0,0.18181818181818182,0.002136551465063862,0.04622284570495268,0.5046192892701834,0.0012794169903144542,0.03576893890394925,0.023067888184167256,0.0001653889846289758,0.012860364871533615,0.011066217732884399,5.798678314057045e-06,0.0024080445000159456,0.96928,4.188396019861102,4526.550807218999
LSTM,watts_strogatz,89,5,17,17,8,1,9,0.0625,7.235294117647059,1.8161764705882353,1.3476559169863187,0.125,0.00439453125,0.06629126073623882,0.2693239052311683,0.003268611867072556,0.05717177509114577,0.19215686274509802,0.0352688419117647,0.1878000050898953,0.22837370242214533,0.013168188988398128,0.11475272976447283,0.95504,8.310330376029015,606.2507651783526
LSTM,watts_strogatz,90,9,32,96,5,1,4,0.0967741935483871,3.0625,0.06048387096774194,0.24593468841898236,0.1935483870967742,0.0029539122553791405,0.05434990575317625,0.500405391307389,0.001448537971714208,0.03805966331582832,0.03366935483870968,0.00045818275565751764,0.021405203938704195,0.020938340053763438,1.9039213622865845e-05,0.004363394736081741,0.98928,2.3194761723279953,3114.9595656767488
LSTM,watts_strogatz,91,5,11,11,3,1,6,0.1,4.7272727272727275,0.8181818181818182,0.9045340337332909,0.2,0.012000000000000004,0.10954451150103324,0.3823690931415623,0.006950344552155965,0.08336872646356046,0.19191919191919193,0.05622446689113357,0.23711698988291321,0.24793388429752067,0.013571750563486097,0.11649785647592877,0.92016,11.56698553264141,601.4659694805741
LSTM,watts_strogatz,92,10,35,105,5,5,4,0.08823529411764706,3.2285714285714286,0.18151260504201683,0.42604296149803583,0.1764705882352941,0.0022898432729493183,0.047852306871762396,0.4725355282810434,0.0014306833965798608,0.037824375693193676,0.03422459893048128,0.00043137542325330183,0.020769579274826484,0.020280112044817927,2.692438808659584e-05,0.005188871561967577,0.98976,2.093859925866127,3812.7305866740644
LSTM,watts_strogatz,93,3,15,15,5,4,8,0.07142857142857142,6.266666666666667,1.3523809523809525,1.162919151265879,0.14285714285714285,0.0029154518950437317,0.05399492471560389,0.2978639039730868,0.004597584236342612,0.06780548824647317,0.19413919413919414,0.044243563866797786,0.21034154099178265,0.23492063492063495,0.017967822049454706,0.13404410486647558,0.96752,5.552493218332529,398.836358346045
LSTM,watts_strogatz,94,4,13,13,5,1,7,0.08333333333333333,5.538461538461538,0.9358974358974359,0.9674179220468452,0.16666666666666666,0.008101851851851851,0.09001028747788695,0.3388148889608686,0.006262912782460502,0.07913856697249769,0.19114219114219114,0.05833097878552425,0.2415180713435834,0.23865877712031558,0.02031389605354102,0.14252682573305636,0.97344,5.65548999235034,496.11316865310073
LSTM,watts_strogatz,95,8,30,90,7,1,4,0.10344827586206896,3.066666666666667,0.06436781609195402,0.2537081317024624,0.20689655172413793,0.0036081840173848865,0.06006816142837141,0.4983306106626901,0.0014653006590242034,0.03827924580009647,0.03637110016420361,0.000492891977270356,0.022201170628378043,0.022426564495530012,2.4541300058188434e-05,0.004953917647497628,0.99888,0.30456701503135264,2377.444644410163
LSTM,watts_strogatz,96,9,42,168,5,2,3,0.0975609756097561,3,0,0.0,0.1951219512195122,0.0016830864322920443,0.041025436405869524,0.512453040440886,0.000911743666155449,0.03019509341193448,0.023954703832752614,0.00014783532339793817,0.012158755010194842,0.011655881864941098,5.385540844021601e-06,0.002320676807317555,0.97408,4.714425811544061,3810.7409103922546
LSTM,watts_strogatz,97,4,16,16,8,1,6,0.06666666666666667,4.5,0.6666666666666666,0.816496580927726,0.13333333333333333,0.014222222222222225,0.1192569587999888,0.38313644765386057,0.00872599371604013,0.09341302754990938,0.125,0.04987301587301588,0.2233226720980561,0.171875,0.007980324074074074,0.08933265961603334,0.97392,5.433268155902624,512.4932230375707
LSTM,watts_strogatz,98,8,34,102,8,3,4,0.09090909090909091,3.264705882352941,0.2005347593582888,0.4478110755198991,0.18181818181818182,0.002893953307176448,0.053795476642339066,0.4768480432867199,0.0017080442772696974,0.041328492317887634,0.034759358288770054,0.0006235746861250535,0.024971477451785937,0.020708818286672957,3.320883110847427e-05,0.005762710396026705,0.9992,0.23471689299913123,2583.3236962482333
LSTM,watts_strogatz,99,9,44,176,7,1,3,0.09302325581395349,3,0,0.0,0.18604651162790697,0.0020375564415711822,0.04513930041074166,0.5055875594439571,0.0008491673592577242,0.0291404763045789,0.02343199436222692,0.00018064855241777645,0.013440556254031172,0.011273544109167788,5.798997847634373e-06,0.002408110846210027,0.97424,5.095282014459372,3541.384823638946
